{
  "levels": [
    0.1,
    0.5,
    0.9
  ],
  "cases": [
    {
      "kind": "seasonal",
      "n": 96,
      "m": 12,
      "h": 12,
      "y": [
        50.0,
        55.0,
        58.660254,
        60.0,
        58.660254,
        55.0,
        50.0,
        45.0,
        41.339746,
        40.0,
        41.339746,
        45.0,
        50.0,
        55.0,
        58.660254,
        60.0,
        58.660254,
        55.0,
        50.0,
        45.0,
        41.339746,
        40.0,
        41.339746,
        45.0,
        50.0,
        55.0,
        58.660254,
        60.0,
        58.660254,
        55.0,
        50.0,
        45.0,
        41.339746,
        40.0,
        41.339746,
        45.0,
        50.0,
        55.0,
        58.660254,
        60.0,
        58.660254,
        55.0,
        50.0,
        45.0,
        41.339746,
        40.0,
        41.339746,
        45.0,
        50.0,
        55.0,
        58.660254,
        60.0,
        58.660254,
        55.0,
        50.0,
        45.0,
        41.339746,
        40.0,
        41.339746,
        45.0,
        50.0,
        55.0,
        58.660254,
        60.0,
        58.660254,
        55.0,
        50.0,
        45.0,
        41.339746,
        40.0,
        41.339746,
        45.0,
        50.0,
        55.0,
        58.660254,
        60.0,
        58.660254,
        55.0,
        50.0,
        45.0,
        41.339746,
        40.0,
        41.339746,
        45.0,
        50.0,
        55.0,
        58.660254,
        60.0,
        58.660254,
        55.0,
        50.0,
        45.0,
        41.339746,
        40.0,
        41.339746,
        45.0
      ],
      "methods": [
        {
          "name": "SeasonalNaive",
          "point": [
            50.0,
            55.0,
            58.66025,
            60.0,
            58.66025,
            55.0,
            50.0,
            45.0,
            41.33975,
            40.0,
            41.33975,
            45.0
          ],
          "sigma": 0.0
        },
        {
          "name": "SES",
          "point": [
            44.81383,
            44.81383,
            44.81383,
            44.81383,
            44.81383,
            44.81383,
            44.81383,
            44.81383,
            44.81383,
            44.81383,
            44.81383,
            44.81383
          ],
          "sigma": 3.803439
        },
        {
          "name": "Holt",
          "point": [
            45.8999,
            47.29275,
            48.6856,
            50.07845,
            51.4713,
            52.86415,
            54.257,
            55.64985,
            57.0427,
            58.43555,
            59.8284,
            61.22125
          ],
          "sigma": 3.48921
        },
        {
          "name": "HoltWinters",
          "point": [
            50.0,
            55.0,
            58.66025,
            60.0,
            58.66025,
            55.0,
            50.0,
            45.0,
            41.33975,
            40.0,
            41.33975,
            45.0
          ],
          "sigma": 0.0
        },
        {
          "name": "Theta",
          "point": [
            44.80168,
            44.78953,
            44.77738,
            44.76523,
            44.75308,
            44.74093,
            44.72878,
            44.71663,
            44.70448,
            44.69233,
            44.68018,
            44.66803
          ],
          "sigma": 3.803439
        }
      ]
    },
    {
      "kind": "trend_seasonal",
      "n": 120,
      "m": 12,
      "h": 12,
      "y": [
        50.0,
        54.3,
        57.528203,
        58.9,
        58.128203,
        55.5,
        51.8,
        48.1,
        45.471797,
        44.7,
        46.071797,
        49.3,
        53.6,
        57.9,
        61.128203,
        62.5,
        61.728203,
        59.1,
        55.4,
        51.7,
        49.071797,
        48.3,
        49.671797,
        52.9,
        57.2,
        61.5,
        64.728203,
        66.1,
        65.328203,
        62.7,
        59.0,
        55.3,
        52.671797,
        51.9,
        53.271797,
        56.5,
        60.8,
        65.1,
        68.328203,
        69.7,
        68.928203,
        66.3,
        62.6,
        58.9,
        56.271797,
        55.5,
        56.871797,
        60.1,
        64.4,
        68.7,
        71.928203,
        73.3,
        72.528203,
        69.9,
        66.2,
        62.5,
        59.871797,
        59.1,
        60.471797,
        63.7,
        68.0,
        72.3,
        75.528203,
        76.9,
        76.128203,
        73.5,
        69.8,
        66.1,
        63.471797,
        62.7,
        64.071797,
        67.3,
        71.6,
        75.9,
        79.128203,
        80.5,
        79.728203,
        77.1,
        73.4,
        69.7,
        67.071797,
        66.3,
        67.671797,
        70.9,
        75.2,
        79.5,
        82.728203,
        84.1,
        83.328203,
        80.7,
        77.0,
        73.3,
        70.671797,
        69.9,
        71.271797,
        74.5,
        78.8,
        83.1,
        86.328203,
        87.7,
        86.928203,
        84.3,
        80.6,
        76.9,
        74.271797,
        73.5,
        74.871797,
        78.1,
        82.4,
        86.7,
        89.928203,
        91.3,
        90.528203,
        87.9,
        84.2,
        80.5,
        77.871797,
        77.1,
        78.471797,
        81.7
      ],
      "methods": [
        {
          "name": "SeasonalNaive",
          "point": [
            82.4,
            86.7,
            89.9282,
            91.3,
            90.5282,
            87.9,
            84.2,
            80.5,
            77.8718,
            77.1,
            78.4718,
            81.7
          ],
          "sigma": 0.0
        },
        {
          "name": "SES",
          "point": [
            81.53527,
            81.53527,
            81.53527,
            81.53527,
            81.53527,
            81.53527,
            81.53527,
            81.53527,
            81.53527,
            81.53527,
            81.53527,
            81.53527
          ],
          "sigma": 3.046049
        },
        {
          "name": "Holt",
          "point": [
            82.71992,
            84.1342,
            85.54848,
            86.96276,
            88.37704,
            89.79132,
            91.2056,
            92.61988,
            94.03416,
            95.44844,
            96.86272,
            98.277
          ],
          "sigma": 2.792245
        },
        {
          "name": "HoltWinters",
          "point": [
            85.99476,
            90.29448,
            93.52232,
            94.89366,
            94.1213,
            91.49247,
            87.79178,
            84.09111,
            81.46229,
            80.69005,
            82.06168,
            85.29012
          ],
          "sigma": 0.341108
        },
        {
          "name": "Theta",
          "point": [
            81.67905,
            81.82283,
            81.96661,
            82.11039,
            82.25417,
            82.39795,
            82.54173,
            82.68551,
            82.82929,
            82.97307,
            83.11685,
            83.26063
          ],
          "sigma": 3.046049
        }
      ]
    },
    {
      "kind": "noisy_seasonal",
      "n": 144,
      "m": 24,
      "h": 24,