{"nominal_coverage":0.8,"horizon":1,"warmup":20,"methods":{"SeasonalNaive":{"cutoffs":[20,21,22,23,24,25,26,27,28,29,30,31,32,33,34,35,36,37,38,39,40,41,42,43,44,45,46,47,48,49,50,51,52,53,54,55,56,57,58,59,60,61,62,63,64,65,66,67,68,69,70,71,72,73,74,75,76,77,78,79,80,81,82,83,84,85,86,87,88,89,90,91,92,93,94,95,96,97,98,99,100,101,102,103,104,105,106,107,108,109,110,111,112,113,114,115,116,117,118,119,120,121,122,123,124,125,126,127,128,129,130,131,132,133,134,135,136,137,138,139,140,141,142,143,144,145,146,147,148,149,150,151,152,153,154,155,156,157,158,159],"rolling_mase":[1.05269,0.74226,1.07477,1.40948,1.37332,1.22456,1.23548,1.15481,1.03135,1.12315,1.14335,1.10775,1.21657,1.22814,1.15419,1.13848,1.11759,1.08718,1.0788,1.05969,1.02047,1.01337,1.11572,1.17778,1.17503,1.14986,1.1751,1.11341,1.02186,1.00185,1.00973,0.96535,0.94812,0.95303,0.90859,0.90178,0.87842,0.82864,0.79769,0.87448,0.85843,0.83889,0.84899,0.81433,0.79427,0.84439,0.84727,0.76331,0.70548,0.70721,0.72468,0.79546,0.80236,0.88164,0.93803,0.97914,1.00546,1.04924,1.11041,1.12011,1.11336,1.12852,1.09233,1.13374,1.15826,1.13851,1.17757,1.14558,1.16603,1.15978,1.1236,1.15397,1.11639,1.0988,1.07674,1.10406,1.0606,1.10672,1.02502,0.94506,0.95093,0.93669,0.95785,0.9423,0.90143,0.87473,0.86931,0.90595,0.90515,0.81089,0.82193,0.78708,0.79231,0.83171,0.91119,0.93666,0.87059,0.8682,0.88158,0.92055,0.9165,0.8589,0.81046,0.85472,0.92243,0.92447,0.93485,0.92157,0.94819,1.00422,1.0336,1.15791,1.23963,1.17624,1.17349,1.20598,1.19783,1.23105,1.22523,1.17909,1.13953,1.16327,1.17485,1.23363,1.22037,1.17275,1.18063,1.18464,1.17947,1.11316,1.06587,1.08963,1.04669,1.04281,1.04435,1.01499,0.91032,0.81923,0.93676,1.01257],"rolling_coverage":[1.0,1.0,0.66667,0.5,0.6,0.66667,0.71429,0.75,0.77778,0.7,0.72727,0.75,0.69231,0.71429,0.73333,0.75,0.76471,0.77778,0.78947,0.8,0.80952,0.81818,0.78261,0.75,0.76,0.76,0.76,0.8,0.84,0.84,0.84,0.84,0.84,0.84,0.88,0.88,0.88,0.92,0.92,0.88,0.88,0.88,0.88,0.88,0.88,0.84,0.84,0.88,0.92,0.92,0.92,0.88,0.88,0.84,0.8,0.76,0.76,0.76,0.72,0.72,0.72,0.72,0.72,0.68,0.68,0.68,0.68,0.68,0.68,0.68,0.72,0.68,0.68,0.68,0.68,0.68,0.68,0.68,0.72,0.76,0.76,0.76,0.72,0.76,0.76,0.76,0.76,0.76,0.76,0.8,0.8,0.8,0.8,0.76,0.72,0.72,0.76,0.76,0.76,0.72,0.72,0.76,0.76,0.76,0.72,0.72,0.72,0.76,0.72,0.72,0.72,0.68,0.64,0.68,0.68,0.68,0.68,0.68,0.72,0.76,0.76,0.76,0.76,0.72,0.76,0.76,0.76,0.76,0.76,0.8,0.84,0.84,0.84,0.84,0.84,0.84,0.88,0.92,0.88,0.84],"rolling_wql":[0.18082,0.14334,0.22916,0.29641,0.27902,0.25217,0.25029,0.23646,0.21853,0.23029,0.2288,0.22095,0.25843,0.25653,0.24531,0.24008,0.23548,0.23053,0.22736,0.22381,0.21808,0.21733,0.2396,0.25694,0.25446,0.25179,0.25569,0.24359,0.22729,0.22483,0.22623,0.22043,0.21836,0.21895,0.21283,0.21212,0.21005,0.19151,0.18807,0.19884,0.19691,0.194,0.19427,0.19029,0.18735,0.19357,0.19231,0.17037,0.15182,0.15279,0.1564,0.17289,0.17306,0.1902,0.20068,0.20773,0.21074,0.21727,0.22485,0.22597,0.22531,0.2273,0.22197,0.22932,0.23681,0.23487,0.24006,0.23697,0.24008,0.24009,0.23619,0.24065,0.23773,0.23565,0.23233,0.23579,0.22314,0.23025,0.21307,0.20056,0.20002,0.19811,0.20343,0.2011,0.1958,0.19323,0.19249,0.19565,0.19383,0.17626,0.17768,0.17366,0.17426,0.18132,0.19433,0.19745,0.18963,0.18974,0.1915,0.19827,0.19588,0.18819,0.18113,0.18675,0.19565,0.19999,0.20165,0.19815,0.20475,0.2096,0.21226,0.26222,0.28705,0.27867,0.27818,0.28252,0.28193,0.28542,0.28308,0.27382,0.26842,0.27068,0.27194,0.28288,0.27844,0.27299,0.27382,0.27416,0.27302,0.26423,0.25336,0.25737,0.25063,0.24784,0.25014,0.24778,0.20007,0.17633,0.19715,0.21105],"cumulative_cost_ms":[0.12,0.206,0.311,0.394,0.474,0.842,0.91,0.947,0.98,1.012,1.043,1.075,1.106,1.245,1.295,1.331,1.364,1.396,1.431,1.486,1.524,1.562,1.593,1.624,1.655,1.687,1.718,1.753,1.784,1.815,1.846,1.877,1.908,1.945,2.051,2.135,2.215,2.295,2.37,2.445,2.518,2.592,2.666,2.74,2.815,2.9,2.983,3.064,3.154,3.277,3.373,3.454,3.531,3.607,3.684,3.76,3.836,3.912,3.996,4.073,4.149,4.228,4.337,4.422,4.502,4.587,4.667,4.744,4.819,4.895,4.973,5.048,5.129,5.204,5.28,5.354,5.428,5.502,5.653,5.727,5.801,5.876,5.951,6.035,6.111,6.187,6.263,6.337,6.411,6.485,6.569,6.644,6.722,6.8,10.158,10.236,10.312,10.387,10.463,10.539,10.624,10.705,10.802,10.88,10.959,11.039,11.117,11.209,11.314,11.398,11.476,11.552,11.63,11.708,11.784,11.86,11.937,12.142,12.23,12.314,12.414,12.495,12.572,12.65,12.741,12.818,12.896,12.972,13.047,13.124,13.207,13.283,13.358,13.435,13.518,13.598,13.675,13.75,13.827,13.902],"n_steps":140,"final":{"mase":1.02182,"coverage":0.7714,"wql":0.22291}},"Theta":{"cutoffs":[20,21,22,23,24,25,26,27,28,29,30,31,32,33,34,35,36,37,38,39,40,41,42,43,44,45,46,47,48,49,50,51,52,53,54,55,56,57,58,59,60,61,62,63,64,65,66,67,68,69,70,71,72,73,74,75,76,77,78,79,80,81,82,83,84,85,86,87,88,89,90,91,92,93,94,95,96,97,98,99,100,101,102,103,104,105,106,107,108,109,110,111,112,113,114,115,116,117,118,119,120,121,122,123,124,125,126,127,128,129,130,131,132,133,134,135,136,137,138,139,140,141,142,143,144,145,146,147,148,149,150,151,152,153,154,155,156,157,158,159],"rolling_mase":[0.11169,0.32507,0.62684,0.78326,0.63553,0.60282,0.64313,0.59355,0.55833,0.67128,0.63325,0.66013,0.73373,0.69224,0.66366,0.663,0.63366,0.63878,0.61779,0.61035,0.61369,0.65441,0.71013,0.71258,0.69927,0.72616,0.71739,0.67239,0.63129,0.65012,0.6401,0.60519,0.60218,0.59127,0.55744,0.56235,0.5331,0.51103,0.52116,0.57674,0.59331,0.63907,0.6268,0.63556,0.64203,0.65043,0.59367,0.57041,0.54471,0.57081,0.61308,0.6437,0.66588,0.71609,0.7248,0.75764,0.76153,0.80901,0.8251,0.81923,0.81803,0.81636,0.78176,0.82351,0.80837,0.81376,0.76662,0.7557,0.76579,0.76913,0.78402,0.80025,0.75176,0.78088,0.74801,0.72812,0.70353,0.72019,0.6993,0.70081,0.70524,0.7237,0.719,0.7079,0.68261,0.67992,0.67705,0.72486,0.67866,0.62826,0.59209,0.59158,0.59634,0.64025,0.62399,0.61065,0.62437,0.63978,0.62772,0.66127,0.62536,0.61123,0.58511,0.57754,0.5908,0.58024,0.55982,0.57054,0.58698,0.66336,0.68423,0.78871,0.76275,0.78071,0.81743,0.81391,0.82506,0.83882,0.7998,0.79071,0.75979,0.74576,0.72846,0.80367,0.80441,0.81712,0.82132,0.82932,0.81655,0.79652,0.76825,0.81401,0.78433,0.80863,0.74608,0.74315,0.64126,0.64694,0.70239,0.66899],"rolling_coverage":[1.0,1.0,0.66667,0.5,0.6,0.66667,0.71429,0.75,0.77778,0.7,0.72727,0.75,0.69231,0.71429,0.73333,0.75,0.76471,0.77778,0.78947,0.8,0.80952,0.77273,0.73913,0.75,0.76,0.76,0.76,0.8,0.84,0.84,0.84,0.84,0.84,0.84,0.88,0.88,0.88,0.88,0.88,0.84,0.8,0.76,0.76,0.76,0.76,0.76,0.8,0.8,0.8,0.76,0.72,0.68,0.68,0.64,0.64,0.64,0.64,0.6,0.6,0.6,0.6,0.6,0.64,0.6,0.6,0.6,0.64,0.64,0.64,0.64,0.6,0.6,0.64,0.64,0.68,0.68,0.72,0.68,0.72,0.72,0.68,0.68,0.68,0.68,0.68,0.68,0.68,0.64,0.68,0.72,0.76,0.76,0.76,0.72,0.72,0.76,0.76,0.76,0.76,0.76,0.8,0.8,0.84,0.84,0.8,0.84,0.84,0.84,0.84,0.8,0.8,0.76,0.8,0.8,0.8,0.8,0.8,0.8,0.84,0.84,0.84,0.84,0.84,0.8,0.8,0.8,0.8,0.8,0.8,0.84,0.84,0.8,0.84,0.8,0.84,0.84,0.88,0.88,0.84,0.84],